{
    "loss": 20.616029739379883,
    "accuracy": 0.5686274766921997
}